entity_kind,entity_id,species,common_name,class,family,is_seed,candidate_confidence_score,provenance_type,source_model,taxonomy_source,evidence_sources,source_citations,extraction_notes,ai_rationale_hash,prior_signature,calibration_applied,calibration_refs,generated_at
species,sp_649294a101,Acheta domesticus,House cricket,Insecta,Gryllidae,false,0.879,ai_estimated,hierarchical_bayes_taxonomy_v2,catalogue_of_life,assistant_curated_candidate_bank_v2|auto_clade_profile_v2|hierarchical_bayes_taxonomy_v2,auto_clade_profile_v2|https://en.wikipedia.org/wiki/Acheta_domesticus | https://animaldiversity.org/search/?q=Acheta+domesticus|insect_collective_action_meta_2020|insect_foraging_risk_2017,Insect clade profile: collective action and foraging-risk paradigms prioritized.,df9229708bdac135f7b9f7a70d5001202a5faf49c14a856d8732b01bb490153d,f91c622913b6cfaf3351a44d2cc330970744ce897b636f67966ee0ecb4f26ed8,true,insect_collective_action_meta_2020|insect_foraging_risk_2017,2026-03-19T16:39:53Z
species,sp_f353e8ff2c,Aedes aegypti,Yellow fever mosquito,Insecta,Culicidae,false,0.956,ai_estimated,hierarchical_bayes_taxonomy_v2,catalogue_of_life,assistant_curated_candidate_bank_v2|auto_clade_profile_v2|hierarchical_bayes_taxonomy_v2,auto_clade_profile_v2|https://en.wikipedia.org/wiki/Aedes_aegypti | https://animaldiversity.org/search/?q=Aedes+aegypti|insect_collective_action_meta_2020|insect_foraging_risk_2017,Insect clade profile: collective action and foraging-risk paradigms prioritized.,7bb315cb577dc72eaa7db904c2a1c967de7c769078283b9ff864a586fd16b42c,1fcf13cd74a0b973fdba8c02ee440e9989bd8fb1d77080047bebedcd925a83e5,true,insect_collective_action_meta_2020|insect_foraging_risk_2017,2026-03-19T16:39:53Z
species,sp_94f2a8057d,Amphiprion ocellaris,False clownfish,Actinopterygii,Pomacentridae,false,0.956,ai_estimated,hierarchical_bayes_taxonomy_v2,catalogue_of_life,assistant_curated_candidate_bank_v2|auto_clade_profile_v2|hierarchical_bayes_taxonomy_v2,auto_clade_profile_v2|fish_delay_discounting_review_2020|https://en.wikipedia.org/wiki/Amphiprion_ocellaris | https://www.fishbase.se/summary/amphiprion-ocellaris.html|teleost_risk_behavior_meta_2022,Fish clade profile: risk-choice and reciprocal exchange proxies prioritized.,a3e68605207d77461ad950a515b212f88bf2de76d00843273559870f4927b2ec,a5e7bfa913aafab4fc95174415d4461b61e937c7e733fa599f2b438d467f5b17,true,fish_delay_discounting_review_2020|teleost_risk_behavior_meta_2022,2026-03-19T16:39:53Z
species,sp_9c5276526c,Anas platyrhynchos,Mallard,Aves,Anatidae,false,0.879,ai_estimated,hierarchical_bayes_taxonomy_v2,catalogue_of_life,auto_clade_profile_v2|curated_candidate_bank_v1|hierarchical_bayes_taxonomy_v2,auto_clade_profile_v2|avian_cooperation_synthesis_2018|avian_risk_choice_review_2021|waterfowl_behavior_atlas_2019,Avian clade profile: cooperation and uncertainty-sensitive foraging paradigms prioritized.,c4e0cc7d589286fa1421ee33f150f14f52fc12b3930ea56075340ef2e6bc9ac6,869c00762b03c92181d38378f517501dc70c9e3c67f0ef24432043c9d74ffa37,true,avian_cooperation_synthesis_2018|avian_risk_choice_review_2021,2026-03-19T16:39:53Z
species,sp_0312f80a41,Anopheles gambiae,African malaria mosquito,Insecta,Culicidae,false,0.956,ai_estimated,hierarchical_bayes_taxonomy_v2,catalogue_of_life,assistant_curated_candidate_bank_v2|auto_clade_profile_v2|hierarchical_bayes_taxonomy_v2,auto_clade_profile_v2|https://en.wikipedia.org/wiki/Anopheles_gambiae | https://animaldiversity.org/search/?q=Anopheles+gambiae|insect_collective_action_meta_2020|insect_foraging_risk_2017,Insect clade profile: collective action and foraging-risk paradigms prioritized.,24342e2df20c32f6ea9e0ecb442220a1a99d817ff103391ccbc6fa9d65871300,2ed154b0eecd288533c65f6132eecafd31b6ef28937101254d8738e1c30e31a6,true,insect_collective_action_meta_2020|insect_foraging_risk_2017,2026-03-19T16:39:53Z
species,sp_023560aeb2,Apis mellifera,Western honey bee,Insecta,Apidae,true,0.956,ai_estimated,hierarchical_bayes_taxonomy_v2,catalogue_of_life,auto_clade_profile_v2|hierarchical_bayes_taxonomy_v2|seed_species,auto_clade_profile_v2|hymenoptera_conflict_resolution_2018|insect_collective_action_meta_2020|insect_foraging_risk_2017|seed_species_curation,Insect clade profile: collective action and foraging-risk paradigms prioritized.,0fbb9fa24eb2c9648b2b07d4c55012566ce60b76149721fc49c480a189c8483f,a4890672579d1c021fba73a72a69a212ff91fec432a2257a7f736ef598535f8a,true,hymenoptera_conflict_resolution_2018|insect_collective_action_meta_2020|insect_foraging_risk_2017,2026-03-19T16:39:53Z
species,sp_91478962ad,Aptenodytes forsteri,Emperor penguin,Aves,Spheniscidae,false,0.956,ai_estimated,hierarchical_bayes_taxonomy_v2,catalogue_of_life,assistant_curated_candidate_bank_v2|auto_clade_profile_v2|hierarchical_bayes_taxonomy_v2,auto_clade_profile_v2|avian_cooperation_synthesis_2018|avian_risk_choice_review_2021|https://en.wikipedia.org/wiki/Aptenodytes_forsteri | https://animaldiversity.org/search/?q=Aptenodytes+forsteri,Avian clade profile: cooperation and uncertainty-sensitive foraging paradigms prioritized.,94fdbbd9486394c6a315d7623e08f1aaffcb040bafa768941eeb5a672fbfe0ef,5f1ba86ce27ccea02170e297b6a4bfba4278069bb54d792a98b430030d14b016,true,avian_cooperation_synthesis_2018|avian_risk_choice_review_2021,2026-03-19T16:39:53Z
species,sp_f9f1b03900,Astatotilapia burtoni,Burton's mouthbrooder,Actinopterygii,Cichlidae,false,0.956,ai_estimated,hierarchical_bayes_taxonomy_v2,catalogue_of_life,assistant_curated_candidate_bank_v2|auto_clade_profile_v2|hierarchical_bayes_taxonomy_v2,auto_clade_profile_v2|fish_delay_discounting_review_2020|https://en.wikipedia.org/wiki/Astatotilapia_burtoni | https://www.fishbase.se/summary/astatotilapia-burtoni.html|teleost_risk_behavior_meta_2022,Fish clade profile: risk-choice and reciprocal exchange proxies prioritized.,42a60a5a94908a1a81656831000f3da9e4ae2e948dde1001812953a7eab9b454,89797602281e49f82ddd1103ee0581737d5c44a915914bff1d3e7a94035f9e72,true,fish_delay_discounting_review_2020|teleost_risk_behavior_meta_2022,2026-03-19T16:39:53Z
species,sp_1a1871e165,Atta cephalotes,Leafcutter ant,Insecta,Formicidae,true,0.879,ai_estimated,hierarchical_bayes_taxonomy_v2,catalogue_of_life,auto_clade_profile_v2|hierarchical_bayes_taxonomy_v2|seed_species,auto_clade_profile_v2|hymenoptera_conflict_resolution_2018|insect_collective_action_meta_2020|insect_foraging_risk_2017|seed_species_curation,Insect clade profile: collective action and foraging-risk paradigms prioritized.,eb7171035fe0370b7d2af4712af7a98d4be344b55744d34a13172a144931313f,2c3d1d79b7a5270f9179d72386948aed680201946417c757ba8fc1c293d0eaf6,true,hymenoptera_conflict_resolution_2018|insect_collective_action_meta_2020|insect_foraging_risk_2017,2026-03-19T16:39:53Z
species,sp_bbec1cea9e,Betta splendens,Siamese fighting fish,Actinopterygii,Osphronemidae,false,0.956,ai_estimated,hierarchical_bayes_taxonomy_v2,catalogue_of_life,assistant_curated_candidate_bank_v2|auto_clade_profile_v2|hierarchical_bayes_taxonomy_v2,auto_clade_profile_v2|fish_delay_discounting_review_2020|https://en.wikipedia.org/wiki/Betta_splendens | https://www.fishbase.se/summary/betta-splendens.html|teleost_risk_behavior_meta_2022,Fish clade profile: risk-choice and reciprocal exchange proxies prioritized.,f9e8af48bcb113c5e18e06a19c8119f7292df11fc6b4f13a94845178ae2ae070,c1b366874c0a4ed2d8679dd5cff044fa1d45c202bdc573ed5e6c39c1be932d5c,true,fish_delay_discounting_review_2020|teleost_risk_behavior_meta_2022,2026-03-19T16:39:53Z
species,sp_4c38251cef,Blattella germanica,German cockroach,Insecta,Ectobiidae,false,0.879,ai_estimated,hierarchical_bayes_taxonomy_v2,catalogue_of_life,auto_clade_profile_v2|curated_candidate_bank_v1|hierarchical_bayes_taxonomy_v2,auto_clade_profile_v2|insect_collective_action_meta_2020|insect_foraging_risk_2017|urban_insect_behavior_survey_2018,Insect clade profile: collective action and foraging-risk paradigms prioritized.,9c309853ab782d2a7b0a461090fe9c6613b23270eda46763181dfcbaa12a9350,1eed280ce58a2aa73cd27a42531b84270379323562617a547ada6d24dbe8473d,true,insect_collective_action_meta_2020|insect_foraging_risk_2017,2026-03-19T16:39:53Z
species,sp_f27eee93fe,Bombus terrestris,Buff-tailed bumblebee,Insecta,Apidae,true,0.879,ai_estimated,hierarchical_bayes_taxonomy_v2,catalogue_of_life,auto_clade_profile_v2|hierarchical_bayes_taxonomy_v2|seed_species,auto_clade_profile_v2|hymenoptera_conflict_resolution_2018|insect_collective_action_meta_2020|insect_foraging_risk_2017|seed_species_curation,Insect clade profile: collective action and foraging-risk paradigms prioritized.,ceca55e1505d7938567175e06fac4afa539670380b16789450a38f8775b5d176,5d01720a48a004cf6c580b3705a9b839a75a05fa30f3cc43d652bfd2d6a3ad70,true,hymenoptera_conflict_resolution_2018|insect_collective_action_meta_2020|insect_foraging_risk_2017,2026-03-19T16:39:53Z
species,sp_d6e15d9ab3,Bombyx mori,Domestic silkmoth,Insecta,Bombycidae,false,0.956,ai_estimated,hierarchical_bayes_taxonomy_v2,catalogue_of_life,assistant_curated_candidate_bank_v2|auto_clade_profile_v2|hierarchical_bayes_taxonomy_v2,auto_clade_profile_v2|https://en.wikipedia.org/wiki/Bombyx_mori | https://animaldiversity.org/search/?q=Bombyx+mori|insect_collective_action_meta_2020|insect_foraging_risk_2017,Insect clade profile: collective action and foraging-risk paradigms prioritized.,b818545a9e334bfff5add8ab279f8e002edbdf53153c2e9bb29e28fffc74dec5,d63fadf3d1dd06fe05670b1a400a9a0fc8e09f01977b93d4c22dc80a213a8ef7,true,insect_collective_action_meta_2020|insect_foraging_risk_2017,2026-03-19T16:39:53Z
species,sp_be53385dd4,Bubo virginianus,Great horned owl,Aves,Strigidae,false,0.879,ai_estimated,hierarchical_bayes_taxonomy_v2,catalogue_of_life,assistant_curated_candidate_bank_v2|auto_clade_profile_v2|hierarchical_bayes_taxonomy_v2,auto_clade_profile_v2|avian_cooperation_synthesis_2018|avian_risk_choice_review_2021|https://en.wikipedia.org/wiki/Bubo_virginianus | https://animaldiversity.org/search/?q=Bubo+virginianus,Avian clade profile: cooperation and uncertainty-sensitive foraging paradigms prioritized.,90c3ba2082b0c58b1ac85a2c7c013f932f29c5ebc4654316de5330456ec538b3,513c58011dc219c77cca63fdbe5ba85f2cfaacaf06d943bda981cfb092ddef0f,true,avian_cooperation_synthesis_2018|avian_risk_choice_review_2021,2026-03-19T16:39:53Z
species,sp_6a3319a7c5,Camponotus pennsylvanicus,Carpenter ant,Insecta,Formicidae,false,0.956,ai_estimated,hierarchical_bayes_taxonomy_v2,catalogue_of_life,auto_clade_profile_v2|curated_candidate_bank_v1|hierarchical_bayes_taxonomy_v2,ant_colony_organization_2020|auto_clade_profile_v2|hymenoptera_conflict_resolution_2018|insect_collective_action_meta_2020|insect_foraging_risk_2017,Insect clade profile: collective action and foraging-risk paradigms prioritized.,eb4f8cc5ec408631ac6445e18c44cc6f9d9b08a3a11021eae056f17ab3895486,55d8e6bf9b0ec63066e6399a4131d49f5b1dd3083312d9291ae13fbe279a8382,true,hymenoptera_conflict_resolution_2018|insect_collective_action_meta_2020|insect_foraging_risk_2017,2026-03-19T16:39:53Z
species,sp_1262a4241d,Canis lupus,Gray wolf,Mammalia,Canidae,false,0.956,ai_estimated,hierarchical_bayes_taxonomy_v2,catalogue_of_life,auto_clade_profile_v2|curated_candidate_bank_v1|hierarchical_bayes_taxonomy_v2,auto_clade_profile_v2|mammal_behavior_review_2021|mammal_cooperation_meta_2021|mammal_fairness_review_2019,Mammal clade profile: social exchange and fairness paradigms prioritized.,08170e950effa0e83945cea5f661d3efbc145a00902ecf9d69151f647e5f30a9,3e4397317cdc9a3cf519e514fccf36c9743dcfd57425a1ea49973499bf48dbf1,true,mammal_cooperation_meta_2021|mammal_fairness_review_2019,2026-03-19T16:39:53Z
species,sp_58dad6fa0f,Carassius auratus,Goldfish,Actinopterygii,Cyprinidae,false,0.879,ai_estimated,hierarchical_bayes_taxonomy_v2,catalogue_of_life,auto_clade_profile_v2|curated_candidate_bank_v1|hierarchical_bayes_taxonomy_v2,auto_clade_profile_v2|cyprinid_learning_review_2018|fish_delay_discounting_review_2020|teleost_risk_behavior_meta_2022,Fish clade profile: risk-choice and reciprocal exchange proxies prioritized.,3fea2039a2b0f8a5559f4d56dabe47b59405e475118de86d2352800629a6e429,cf56d4a5660f7e2aa785f6c209929c018ac72a4fa20530dc494cbf38c9a71a53,true,fish_delay_discounting_review_2020|teleost_risk_behavior_meta_2022,2026-03-19T16:39:53Z
species,sp_64d2f6a5e3,Castor canadensis,North American beaver,Mammalia,Castoridae,false,0.956,ai_estimated,hierarchical_bayes_taxonomy_v2,catalogue_of_life,assistant_curated_candidate_bank_v2|auto_clade_profile_v2|hierarchical_bayes_taxonomy_v2,auto_clade_profile_v2|https://en.wikipedia.org/wiki/Castor_canadensis | https://animaldiversity.org/search/?q=Castor+canadensis|mammal_cooperation_meta_2021|mammal_fairness_review_2019,Mammal clade profile: social exchange and fairness paradigms prioritized.,da21868117d0b030626a735293e5d2c50b550d03ea6d9926a80af151b22040e6,4bc24607d9e04b243493375338748c47e56b67d01825e529091f9e687f0d820f,true,mammal_cooperation_meta_2021|mammal_fairness_review_2019,2026-03-19T16:39:53Z
species,sp_de890a1b4b,Clupea harengus,Atlantic herring,Actinopterygii,Clupeidae,false,0.879,ai_estimated,hierarchical_bayes_taxonomy_v2,catalogue_of_life,assistant_curated_candidate_bank_v2|auto_clade_profile_v2|hierarchical_bayes_taxonomy_v2,auto_clade_profile_v2|fish_delay_discounting_review_2020|https://en.wikipedia.org/wiki/Clupea_harengus | https://www.fishbase.se/summary/clupea-harengus.html|teleost_risk_behavior_meta_2022,Fish clade profile: risk-choice and reciprocal exchange proxies prioritized.,58d257854ed40599f070ff0a77c741cd63514635c3b236d092ad92ca9f83794d,270fc6d8dbc47ecdb4cce9e26609f946a583054e438a79236d0a15410ad82099,true,fish_delay_discounting_review_2020|teleost_risk_behavior_meta_2022,2026-03-19T16:39:53Z
species,sp_ae2d1dd966,Coccinella septempunctata,Seven-spotted lady beetle,Insecta,Coccinellidae,false,0.879,ai_estimated,hierarchical_bayes_taxonomy_v2,catalogue_of_life,assistant_curated_candidate_bank_v2|auto_clade_profile_v2|hierarchical_bayes_taxonomy_v2,auto_clade_profile_v2|https://en.wikipedia.org/wiki/Coccinella_septempunctata | https://animaldiversity.org/search/?q=Coccinella+septempunctata|insect_collective_action_meta_2020|insect_foraging_risk_2017,Insect clade profile: collective action and foraging-risk paradigms prioritized.,dd06d249e979eb2e0ee021f9d93a506f5d2d2aed2438de041302560a23cb97e1,fe9bc1b3892e5f8bd2b4e214c595b3b8fdf92e9bc2b9345b46cecf65d977e10d,true,insect_collective_action_meta_2020|insect_foraging_risk_2017,2026-03-19T16:39:53Z
species,sp_4196f2cbfd,Columba livia,Rock pigeon,Aves,Columbidae,true,0.956,ai_estimated,hierarchical_bayes_taxonomy_v2,catalogue_of_life,auto_clade_profile_v2|hierarchical_bayes_taxonomy_v2|seed_species,auto_clade_profile_v2|avian_cooperation_synthesis_2018|avian_risk_choice_review_2021|seed_species_curation,Avian clade profile: cooperation and uncertainty-sensitive foraging paradigms prioritized.,5e3424db5a8b1c1deb6d6a90f1b6b2731c90b1446edf4e503793af6cf37b1dc9,725c6934f043e95f69ff50fe2782771a411e889c61553f1c00eb6898d877a4af,true,avian_cooperation_synthesis_2018|avian_risk_choice_review_2021,2026-03-19T16:39:53Z
species,sp_40e1c3d643,Corvus corax,Common raven,Aves,Corvidae,true,0.879,ai_estimated,hierarchical_bayes_taxonomy_v2,catalogue_of_life,auto_clade_profile_v2|hierarchical_bayes_taxonomy_v2|seed_species,auto_clade_profile_v2|avian_cooperation_synthesis_2018|avian_risk_choice_review_2021|corvid_token_tasks_2019|seed_species_curation,Avian clade profile: cooperation and uncertainty-sensitive foraging paradigms prioritized.,48dc6a4341533b27d279ebc696a49846b14c678a008ec4957be1c01f9f382da4,24aa541c103f1a82c9aef7323cca2379caef5b5901eefb9486e1e95ceb92ff77,true,avian_cooperation_synthesis_2018|avian_risk_choice_review_2021|corvid_token_tasks_2019,2026-03-19T16:39:53Z
species,sp_e45775c6b8,Corvus moneduloides,New Caledonian crow,Aves,Corvidae,true,0.879,ai_estimated,hierarchical_bayes_taxonomy_v2,catalogue_of_life,auto_clade_profile_v2|hierarchical_bayes_taxonomy_v2|seed_species,auto_clade_profile_v2|avian_cooperation_synthesis_2018|avian_risk_choice_review_2021|corvid_token_tasks_2019|seed_species_curation,Avian clade profile: cooperation and uncertainty-sensitive foraging paradigms prioritized.,8999bfd60a979b52dfa07d75fc085d8b5d6ec36c179500f47bce3c76403bf979,0f0484669fcb747bf9156694edd83614463d312d9801450c602e5e7c72a037c6,true,avian_cooperation_synthesis_2018|avian_risk_choice_review_2021|corvid_token_tasks_2019,2026-03-19T16:39:53Z
species,sp_60ccee1461,Cyanocitta cristata,Blue jay,Aves,Corvidae,false,0.879,ai_estimated,hierarchical_bayes_taxonomy_v2,catalogue_of_life,assistant_curated_candidate_bank_v2|auto_clade_profile_v2|hierarchical_bayes_taxonomy_v2,auto_clade_profile_v2|avian_cooperation_synthesis_2018|avian_risk_choice_review_2021|corvid_token_tasks_2019|https://en.wikipedia.org/wiki/Cyanocitta_cristata | https://animaldiversity.org/search/?q=Cyanocitta+cristata,Avian clade profile: cooperation and uncertainty-sensitive foraging paradigms prioritized.,fddb623a4850c47d987e556bd7489e9a2f22c0bea3b47eaf8ff48b75693feb04,d658233574ec928871ebd890bb07d263d11123956c78e6a2e4e298c3c44a18c4,true,avian_cooperation_synthesis_2018|avian_risk_choice_review_2021|corvid_token_tasks_2019,2026-03-19T16:39:53Z
species,sp_64de3e8b9d,Cyprinus carpio,Common carp,Actinopterygii,Cyprinidae,false,0.956,ai_estimated,hierarchical_bayes_taxonomy_v2,catalogue_of_life,assistant_curated_candidate_bank_v2|auto_clade_profile_v2|hierarchical_bayes_taxonomy_v2,auto_clade_profile_v2|fish_delay_discounting_review_2020|https://en.wikipedia.org/wiki/Cyprinus_carpio | https://www.fishbase.se/summary/cyprinus-carpio.html|teleost_risk_behavior_meta_2022,Fish clade profile: risk-choice and reciprocal exchange proxies prioritized.,3b5141b2f6cbb33681185f14ed225b4b1396ecdf17f398f8ea76104ed5c34b77,c2e97dfac4a23e8314ce477e6a1bdbdf3abc60c9f12494ec6e9c172194852412,true,fish_delay_discounting_review_2020|teleost_risk_behavior_meta_2022,2026-03-19T16:39:53Z
species,sp_e68f904bd8,Danaus plexippus,Monarch butterfly,Insecta,Nymphalidae,false,0.879,ai_estimated,hierarchical_bayes_taxonomy_v2,catalogue_of_life,auto_clade_profile_v2|curated_candidate_bank_v1|hierarchical_bayes_taxonomy_v2,auto_clade_profile_v2|insect_collective_action_meta_2020|insect_foraging_risk_2017|lepidoptera_migration_compendium_2021,Insect clade profile: collective action and foraging-risk paradigms prioritized.,6ad04ee5374a73fda28eb3eaed7da14db7dcea375af1fcfe4a5a0d598debdc9d,4099a258325776d9658539c3fcd20bb97b359424bdb5d9faf8c71e65f39526b6,true,insect_collective_action_meta_2020|insect_foraging_risk_2017,2026-03-19T16:39:53Z
species,sp_fec0433f5d,Danio rerio,Zebrafish,Actinopterygii,Cyprinidae,true,0.956,ai_estimated,hierarchical_bayes_taxonomy_v2,catalogue_of_life,auto_clade_profile_v2|hierarchical_bayes_taxonomy_v2|seed_species,auto_clade_profile_v2|fish_delay_discounting_review_2020|seed_species_curation|teleost_risk_behavior_meta_2022,Fish clade profile: risk-choice and reciprocal exchange proxies prioritized.,2b7be64f575951daebb81c97b5ee24e278b669c26c826169b329fa0167ae0281,002746cc92743b041349ebf1dc1cbab6fd0798e2d4952f36b77f7272eb67a9d7,true,fish_delay_discounting_review_2020|teleost_risk_behavior_meta_2022,2026-03-19T16:39:53Z
species,sp_f22e9181c4,Delphinus delphis,Common dolphin,Mammalia,Delphinidae,false,0.956,ai_estimated,hierarchical_bayes_taxonomy_v2,catalogue_of_life,auto_clade_profile_v2|curated_candidate_bank_v1|hierarchical_bayes_taxonomy_v2,auto_clade_profile_v2|delphinid_cognition_review_2022|mammal_cooperation_meta_2021|mammal_fairness_review_2019,Mammal clade profile: social exchange and fairness paradigms prioritized.,f1551b8bc873d0dd7b4f1671cb6b2b406143ebc2794c34dc21ef055bf089d8b2,4321eab10b7fe8a8c191ec4ab7e8197e5d4326baf538f7445496300cfce98a7a,true,mammal_cooperation_meta_2021|mammal_fairness_review_2019,2026-03-19T16:39:53Z
species,sp_ad5047dcad,Diomedea exulans,Wandering albatross,Aves,Diomedeidae,false,0.879,ai_estimated,hierarchical_bayes_taxonomy_v2,catalogue_of_life,assistant_curated_candidate_bank_v2|auto_clade_profile_v2|hierarchical_bayes_taxonomy_v2,auto_clade_profile_v2|avian_cooperation_synthesis_2018|avian_risk_choice_review_2021|https://en.wikipedia.org/wiki/Diomedea_exulans | https://animaldiversity.org/search/?q=Diomedea+exulans,Avian clade profile: cooperation and uncertainty-sensitive foraging paradigms prioritized.,52d90deaac4e5e9bf00fb21a0649770a4be9cb6f08d48df3e0e1853d90d0c9c5,122dc2b1426ef424e23bdeb8df35638ecabba1f4bdd6c2d0dbcb338f54b43346,true,avian_cooperation_synthesis_2018|avian_risk_choice_review_2021,2026-03-19T16:39:53Z
species,sp_f0ad5ab748,Drosophila melanogaster,Fruit fly,Insecta,Drosophilidae,true,0.956,ai_estimated,hierarchical_bayes_taxonomy_v2,catalogue_of_life,auto_clade_profile_v2|hierarchical_bayes_taxonomy_v2|seed_species,auto_clade_profile_v2|insect_collective_action_meta_2020|insect_foraging_risk_2017|seed_species_curation,Insect clade profile: collective action and foraging-risk paradigms prioritized.,3feadd6195c16dc3fed0e0e16a91a8344192d5e545c57c9fd3d14d3b6c88104f,14db11968add2884a6ac08496554cb40af03f4cdb589d736114496381a29ac1b,true,insect_collective_action_meta_2020|insect_foraging_risk_2017,2026-03-19T16:39:53Z
species,sp_3232614d37,Electrophorus electricus,Electric eel,Actinopterygii,Gymnotidae,false,0.956,ai_estimated,hierarchical_bayes_taxonomy_v2,catalogue_of_life,assistant_curated_candidate_bank_v2|auto_clade_profile_v2|hierarchical_bayes_taxonomy_v2,auto_clade_profile_v2|fish_delay_discounting_review_2020|https://en.wikipedia.org/wiki/Electrophorus_electricus | https://www.fishbase.se/summary/electrophorus-electricus.html|teleost_risk_behavior_meta_2022,Fish clade profile: risk-choice and reciprocal exchange proxies prioritized.,6e644fc2261bb8cf8a971d4a7fdfb22884ab9cee463256c4b28ef98bd34324a8,4d4a8a79fc27e5552d00e2ec8fbe71f141f8604e592cf6992f34f5d084edda40,true,fish_delay_discounting_review_2020|teleost_risk_behavior_meta_2022,2026-03-19T16:39:53Z
species,sp_6f9fa131ca,Elephas maximus,Asian elephant,Mammalia,Elephantidae,false,0.956,ai_estimated,hierarchical_bayes_taxonomy_v2,catalogue_of_life,auto_clade_profile_v2|curated_candidate_bank_v1|hierarchical_bayes_taxonomy_v2,auto_clade_profile_v2|elephant_sociality_synthesis_2019|mammal_cooperation_meta_2021|mammal_fairness_review_2019,Mammal clade profile: social exchange and fairness paradigms prioritized.,067415f7badfb73f0c0a3cd29a113b578c83e2d6ab8879e05cbea3786e75f26f,b87256a1a7d5fc05c65afb0982cf7e92539d72a608c28dbcef2590b778e36255,true,mammal_cooperation_meta_2021|mammal_fairness_review_2019,2026-03-19T16:39:53Z
species,sp_011e3c0ef3,Esox lucius,Northern pike,Actinopterygii,Esocidae,false,0.879,ai_estimated,hierarchical_bayes_taxonomy_v2,catalogue_of_life,assistant_curated_candidate_bank_v2|auto_clade_profile_v2|hierarchical_bayes_taxonomy_v2,auto_clade_profile_v2|fish_delay_discounting_review_2020|https://en.wikipedia.org/wiki/Esox_lucius | https://www.fishbase.se/summary/esox-lucius.html|teleost_risk_behavior_meta_2022,Fish clade profile: risk-choice and reciprocal exchange proxies prioritized.,ecebdf4825051c47b149710a0bdeac8c6323710887f4ab84409592830c08b230,ad814e9b9d1d5de23d010269daf10f3350818632e00a19435e1769f48bd232cf,true,fish_delay_discounting_review_2020|teleost_risk_behavior_meta_2022,2026-03-19T16:39:53Z
species,sp_2654325dc3,Eudyptes chrysocome,Southern rockhopper penguin,Aves,Spheniscidae,false,0.879,ai_estimated,hierarchical_bayes_taxonomy_v2,catalogue_of_life,assistant_curated_candidate_bank_v2|auto_clade_profile_v2|hierarchical_bayes_taxonomy_v2,auto_clade_profile_v2|avian_cooperation_synthesis_2018|avian_risk_choice_review_2021|https://en.wikipedia.org/wiki/Eudyptes_chrysocome | https://animaldiversity.org/search/?q=Eudyptes+chrysocome,Avian clade profile: cooperation and uncertainty-sensitive foraging paradigms prioritized.,598cd8efdb26d491156fdd29a412cca63d56ec46ef0b42fa92998ac60b406048,48f92541f07d203b600616eee2de8cd5dc2800cdb911c6f875e0c0e31ea01c80,true,avian_cooperation_synthesis_2018|avian_risk_choice_review_2021,2026-03-19T16:39:53Z
species,sp_954f8a56a5,Falco peregrinus,Peregrine falcon,Aves,Falconidae,false,0.956,ai_estimated,hierarchical_bayes_taxonomy_v2,catalogue_of_life,assistant_curated_candidate_bank_v2|auto_clade_profile_v2|hierarchical_bayes_taxonomy_v2,auto_clade_profile_v2|avian_cooperation_synthesis_2018|avian_risk_choice_review_2021|https://en.wikipedia.org/wiki/Falco_peregrinus | https://animaldiversity.org/search/?q=Falco+peregrinus,Avian clade profile: cooperation and uncertainty-sensitive foraging paradigms prioritized.,912ce26160a245de22f6cfd2b62588dc337acdf7589ff18fce2943812f400754,a3e26b46ca5411e56b1ed302149f8d7987d85ec8e9196976cd81b516b52c609e,true,avian_cooperation_synthesis_2018|avian_risk_choice_review_2021,2026-03-19T16:39:53Z
species,sp_b10ebbb7f5,Formica rufa,Red wood ant,Insecta,Formicidae,false,0.956,ai_estimated,hierarchical_bayes_taxonomy_v2,catalogue_of_life,assistant_curated_candidate_bank_v2|auto_clade_profile_v2|hierarchical_bayes_taxonomy_v2,auto_clade_profile_v2|https://en.wikipedia.org/wiki/Formica_rufa | https://animaldiversity.org/search/?q=Formica+rufa|hymenoptera_conflict_resolution_2018|insect_collective_action_meta_2020|insect_foraging_risk_2017,Insect clade profile: collective action and foraging-risk paradigms prioritized.,177d565550cc10bfe72190c9872bba66bc18b343a23b866438aac61d15f5508d,932eb88320db278448689b2d209ef6749bf4c48f9ede4e7e97cbcba5c782320e,true,hymenoptera_conflict_resolution_2018|insect_collective_action_meta_2020|insect_foraging_risk_2017,2026-03-19T16:39:53Z
species,sp_6a645f6153,Fregata magnificens,Magnificent frigatebird,Aves,Fregatidae,false,0.879,ai_estimated,hierarchical_bayes_taxonomy_v2,catalogue_of_life,assistant_curated_candidate_bank_v2|auto_clade_profile_v2|hierarchical_bayes_taxonomy_v2,auto_clade_profile_v2|avian_cooperation_synthesis_2018|avian_risk_choice_review_2021|https://en.wikipedia.org/wiki/Fregata_magnificens | https://animaldiversity.org/search/?q=Fregata+magnificens,Avian clade profile: cooperation and uncertainty-sensitive foraging paradigms prioritized.,987a5fe7296adb4e70e18158a533066a33b7eea3226ddc662824103de4312cc5,3d4863cb168dda6cd92d72af04a436dc69d37c028dd3219e735a41d0c845b19f,true,avian_cooperation_synthesis_2018|avian_risk_choice_review_2021,2026-03-19T16:39:53Z
species,sp_ccb9ed75bf,Gadus morhua,Atlantic cod,Actinopterygii,Gadidae,false,0.879,ai_estimated,hierarchical_bayes_taxonomy_v2,catalogue_of_life,auto_clade_profile_v2|curated_candidate_bank_v1|hierarchical_bayes_taxonomy_v2,auto_clade_profile_v2|fish_delay_discounting_review_2020|marine_fish_behavior_2019|teleost_risk_behavior_meta_2022,Fish clade profile: risk-choice and reciprocal exchange proxies prioritized.,f56658eef4fe0666aedc2dba6a2752341fb0cf879c540bc2f66d341271708e4d,e72cacddd3862078440d5ff29e569e0780e8c56b0d5f5f96a10be74446e650f9,true,fish_delay_discounting_review_2020|teleost_risk_behavior_meta_2022,2026-03-19T16:39:53Z
species,sp_0a228838db,Gallus gallus,Red junglefowl,Aves,Phasianidae,false,0.879,ai_estimated,hierarchical_bayes_taxonomy_v2,catalogue_of_life,auto_clade_profile_v2|curated_candidate_bank_v1|hierarchical_bayes_taxonomy_v2,auto_clade_profile_v2|avian_cooperation_synthesis_2018|avian_risk_choice_review_2021|galliform_sociality_review_2017,Avian clade profile: cooperation and uncertainty-sensitive foraging paradigms prioritized.,2389fd1ea2a2a732f131a0fc4620a005c741d479746164067c72c40a1cb5e3dd,86fd3d70bd30788eda935c81ba14af812b21cfd54f0b0fbcbabba7de7a316187,true,avian_cooperation_synthesis_2018|avian_risk_choice_review_2021,2026-03-19T16:39:53Z
species,sp_307a87a424,Gasterosteus aculeatus,Three-spined stickleback,Actinopterygii,Gasterosteidae,true,0.879,ai_estimated,hierarchical_bayes_taxonomy_v2,catalogue_of_life,auto_clade_profile_v2|hierarchical_bayes_taxonomy_v2|seed_species,auto_clade_profile_v2|fish_delay_discounting_review_2020|seed_species_curation|teleost_risk_behavior_meta_2022,Fish clade profile: risk-choice and reciprocal exchange proxies prioritized.,9c0af2fe1226c5b26f392a49f73a57966d7a3324cd94c59f4dc789083b436a27,9436f8c41d3706d8cad1e5576290d1d64e445c9ca4ec169dd1eab80839d5a6d9,true,fish_delay_discounting_review_2020|teleost_risk_behavior_meta_2022,2026-03-19T16:39:53Z
species,sp_48cdb00343,Gorilla gorilla,Western gorilla,Mammalia,Hominidae,false,0.956,ai_estimated,hierarchical_bayes_taxonomy_v2,catalogue_of_life,assistant_curated_candidate_bank_v2|auto_clade_profile_v2|hierarchical_bayes_taxonomy_v2,auto_clade_profile_v2|hominid_punishment_games_2020|https://en.wikipedia.org/wiki/Gorilla_gorilla | https://animaldiversity.org/search/?q=Gorilla+gorilla|mammal_cooperation_meta_2021|mammal_fairness_review_2019|primate_token_exchange_2022,Mammal clade profile: social exchange and fairness paradigms prioritized.,553f870a4ba4e20324d713720663529496d2fdcb49e677b4af810321fdcc0855,0c10acdad54034d885a918b9637d0e3097f7eb4168c8cb0ff8f5a9eea8c44e99,true,hominid_punishment_games_2020|mammal_cooperation_meta_2021|mammal_fairness_review_2019|primate_token_exchange_2022,2026-03-19T16:39:53Z
species,sp_6772a2120e,Gromphadorhina portentosa,Madagascar hissing cockroach,Insecta,Blaberidae,false,0.879,ai_estimated,hierarchical_bayes_taxonomy_v2,catalogue_of_life,assistant_curated_candidate_bank_v2|auto_clade_profile_v2|hierarchical_bayes_taxonomy_v2,auto_clade_profile_v2|https://en.wikipedia.org/wiki/Gromphadorhina_portentosa | https://animaldiversity.org/search/?q=Gromphadorhina+portentosa|insect_collective_action_meta_2020|insect_foraging_risk_2017,Insect clade profile: collective action and foraging-risk paradigms prioritized.,683ecdf6d6961b8e28f99075921da347c4f74c460d31b39057e99286a6ade88a,6ca4ff0516681737ee95e8577aa3c1408bd8277ec8b0e858e3fda774b93a078c,true,insect_collective_action_meta_2020|insect_foraging_risk_2017,2026-03-19T16:39:53Z
species,sp_65ca4bea94,Gryllus bimaculatus,Field cricket,Insecta,Gryllidae,false,0.956,ai_estimated,hierarchical_bayes_taxonomy_v2,catalogue_of_life,assistant_curated_candidate_bank_v2|auto_clade_profile_v2|hierarchical_bayes_taxonomy_v2,auto_clade_profile_v2|https://en.wikipedia.org/wiki/Gryllus_bimaculatus | https://animaldiversity.org/search/?q=Gryllus+bimaculatus|insect_collective_action_meta_2020|insect_foraging_risk_2017,Insect clade profile: collective action and foraging-risk paradigms prioritized.,df4fc4e7ec54b4dc7a6fc905660250ad30975fda8d35b7622a9a91568c6c4370,156f779e3a653dc3b568b9cb1b7ec0856f09eb0315eff416ae459e2ab19d0691,true,insect_collective_action_meta_2020|insect_foraging_risk_2017,2026-03-19T16:39:53Z
species,sp_b8f2658c6c,Haliaeetus leucocephalus,Bald eagle,Aves,Accipitridae,false,0.956,ai_estimated,hierarchical_bayes_taxonomy_v2,catalogue_of_life,assistant_curated_candidate_bank_v2|auto_clade_profile_v2|hierarchical_bayes_taxonomy_v2,auto_clade_profile_v2|avian_cooperation_synthesis_2018|avian_risk_choice_review_2021|https://en.wikipedia.org/wiki/Haliaeetus_leucocephalus | https://animaldiversity.org/search/?q=Haliaeetus+leucocephalus,Avian clade profile: cooperation and uncertainty-sensitive foraging paradigms prioritized.,3451baebe51ed2e0ce59fc3eb06ff798df0d2369f00f93cf1fbf2136697cb7f2,559c3f5924c35d9efc13b85d14b40cf1a97f791754cd6063bc7b46cd5384101b,true,avian_cooperation_synthesis_2018|avian_risk_choice_review_2021,2026-03-19T16:39:53Z
species,sp_f717341f29,Heliconius erato,Red postman butterfly,Insecta,Nymphalidae,false,0.879,ai_estimated,hierarchical_bayes_taxonomy_v2,catalogue_of_life,assistant_curated_candidate_bank_v2|auto_clade_profile_v2|hierarchical_bayes_taxonomy_v2,auto_clade_profile_v2|https://en.wikipedia.org/wiki/Heliconius_erato | https://animaldiversity.org/search/?q=Heliconius+erato|insect_collective_action_meta_2020|insect_foraging_risk_2017,Insect clade profile: collective action and foraging-risk paradigms prioritized.,108e2de61285da75ea01718cba0f0ecbc2b1c403ca3b52b2dc819d45dbc9879b,6f7b25b3df5b5d04895b01b5ad39687a7464c8085a4465ce650590abfff15411,true,insect_collective_action_meta_2020|insect_foraging_risk_2017,2026-03-19T16:39:53Z
species,sp_8349a4ec78,Heterocephalus glaber,Naked mole-rat,Mammalia,Heterocephalidae,false,0.956,ai_estimated,hierarchical_bayes_taxonomy_v2,catalogue_of_life,assistant_curated_candidate_bank_v2|auto_clade_profile_v2|hierarchical_bayes_taxonomy_v2,auto_clade_profile_v2|https://en.wikipedia.org/wiki/Heterocephalus_glaber | https://animaldiversity.org/search/?q=Heterocephalus+glaber|mammal_cooperation_meta_2021|mammal_fairness_review_2019,Mammal clade profile: social exchange and fairness paradigms prioritized.,3b6eb81b67fab7b31879b5666d5a09a32bf7ac79c0d50b3e5ca188469a1625ee,d45024522d4d236ed1daff7ebe9b11baa1fa3f582a3cfd06b5a03d9596bb4a22,true,mammal_cooperation_meta_2021|mammal_fairness_review_2019,2026-03-19T16:39:53Z
species,sp_8952f00b4d,Hippocampus kuda,Yellow seahorse,Actinopterygii,Syngnathidae,false,0.879,ai_estimated,hierarchical_bayes_taxonomy_v2,catalogue_of_life,assistant_curated_candidate_bank_v2|auto_clade_profile_v2|hierarchical_bayes_taxonomy_v2,auto_clade_profile_v2|fish_delay_discounting_review_2020|https://en.wikipedia.org/wiki/Hippocampus_kuda | https://www.fishbase.se/summary/hippocampus-kuda.html|teleost_risk_behavior_meta_2022,Fish clade profile: risk-choice and reciprocal exchange proxies prioritized.,1894480df2536a3742a2cab6052e0ca88a87a6b9cc0c59447ccc7ecb1a2d67d2,e3d909ba51aacc82bdf05c10072b7421284337ffe2cd7b471ab1d6e7b6eb8919,true,fish_delay_discounting_review_2020|teleost_risk_behavior_meta_2022,2026-03-19T16:39:53Z
species,sp_16975a6012,Hydrochoerus hydrochaeris,Capybara,Mammalia,Caviidae,false,0.956,ai_estimated,hierarchical_bayes_taxonomy_v2,catalogue_of_life,assistant_curated_candidate_bank_v2|auto_clade_profile_v2|hierarchical_bayes_taxonomy_v2,auto_clade_profile_v2|https://en.wikipedia.org/wiki/Hydrochoerus_hydrochaeris | https://animaldiversity.org/search/?q=Hydrochoerus+hydrochaeris|mammal_cooperation_meta_2021|mammal_fairness_review_2019,Mammal clade profile: social exchange and fairness paradigms prioritized.,3e9ce8e1ab03a25bbe8106f41c3578971cc417b8fc183d8402b002232af1071c,c60e895e599b8831fa27c8371dafb47b0d769c26aeb59e29888a510e23010bb2,true,mammal_cooperation_meta_2021|mammal_fairness_review_2019,2026-03-19T16:39:53Z
species,sp_73a56973a5,Larus argentatus,Herring gull,Aves,Laridae,false,0.879,ai_estimated,hierarchical_bayes_taxonomy_v2,catalogue_of_life,auto_clade_profile_v2|curated_candidate_bank_v1|hierarchical_bayes_taxonomy_v2,auto_clade_profile_v2|avian_cooperation_synthesis_2018|avian_risk_choice_review_2021|seabird_foraging_behavior_2019,Avian clade profile: cooperation and uncertainty-sensitive foraging paradigms prioritized.,f833b61413bed12f7f33c875eb93e4d3b5690132f2b5a98a0c1a6591a43ceed2,870f8da9162c43358bbff5b3f506a6d5834e053f4d10dfb6d7222c9727e80859,true,avian_cooperation_synthesis_2018|avian_risk_choice_review_2021,2026-03-19T16:39:53Z
species,sp_4127dcffdb,Locusta migratoria,Migratory locust,Insecta,Acrididae,false,0.879,ai_estimated,hierarchical_bayes_taxonomy_v2,catalogue_of_life,auto_clade_profile_v2|curated_candidate_bank_v1|hierarchical_bayes_taxonomy_v2,auto_clade_profile_v2|insect_collective_action_meta_2020|insect_foraging_risk_2017|locust_phase_behavior_2019,Insect clade profile: collective action and foraging-risk paradigms prioritized.,229f92ef6a9c9b3601574a9d44f96ed90089c0b3de3325d6ac0f3646238c0779,7fc5b11a54c2eabd4a34d81dd58611be6d382526a5baab2ff16d847a7d8666cb,true,insect_collective_action_meta_2020|insect_foraging_risk_2017,2026-03-19T16:39:53Z
species,sp_d777e8d7e2,Loxodonta africana,African bush elephant,Mammalia,Elephantidae,false,0.956,ai_estimated,hierarchical_bayes_taxonomy_v2,catalogue_of_life,assistant_curated_candidate_bank_v2|auto_clade_profile_v2|hierarchical_bayes_taxonomy_v2,auto_clade_profile_v2|https://en.wikipedia.org/wiki/Loxodonta_africana | https://animaldiversity.org/search/?q=Loxodonta+africana|mammal_cooperation_meta_2021|mammal_fairness_review_2019,Mammal clade profile: social exchange and fairness paradigms prioritized.,f17a85a9850b9c46f6f240d62ca77a4816e61a2b5b73f376daf2f992b64eb9b2,515f066c82cdd95a0defccb87bfaccbb3aed9d2f9cef7f1e703c8665bce4b434,true,mammal_cooperation_meta_2021|mammal_fairness_review_2019,2026-03-19T16:39:53Z
species,sp_ddbe12c84d,Macaca mulatta,Rhesus macaque,Mammalia,Cercopithecidae,true,0.956,ai_estimated,hierarchical_bayes_taxonomy_v2,catalogue_of_life,auto_clade_profile_v2|hierarchical_bayes_taxonomy_v2|seed_species,auto_clade_profile_v2|mammal_cooperation_meta_2021|mammal_fairness_review_2019|primate_token_exchange_2022|seed_species_curation,Mammal clade profile: social exchange and fairness paradigms prioritized.,8542717a05a58638f898ffb6172d52188345326b1a4a813a091dd7351c4e6d0b,b3772dcf25cf205fe123beaf460cf6fdb94233da9b9fc10cd77b44e9c6f2eae5,true,mammal_cooperation_meta_2021|mammal_fairness_review_2019|primate_token_exchange_2022,2026-03-19T16:39:53Z
species,sp_398765b739,Manduca sexta,Tobacco hornworm moth,Insecta,Sphingidae,false,0.879,ai_estimated,hierarchical_bayes_taxonomy_v2,catalogue_of_life,auto_clade_profile_v2|curated_candidate_bank_v1|hierarchical_bayes_taxonomy_v2,auto_clade_profile_v2|hawk_moth_behavior_2017|insect_collective_action_meta_2020|insect_foraging_risk_2017,Insect clade profile: collective action and foraging-risk paradigms prioritized.,5496d646bd277a6db41d431b9e678661691aa5d76cecdc405003bee84206049c,b18f03019906db061dfad2c2ec884f1a2b3dfa78310a6f77503f0d45575a2ef9,true,insect_collective_action_meta_2020|insect_foraging_risk_2017,2026-03-19T16:39:53Z
species,sp_d0ee487dff,Mus musculus,House mouse,Mammalia,Muridae,true,0.956,ai_estimated,hierarchical_bayes_taxonomy_v2,catalogue_of_life,auto_clade_profile_v2|hierarchical_bayes_taxonomy_v2|seed_species,auto_clade_profile_v2|mammal_cooperation_meta_2021|mammal_fairness_review_2019|seed_species_curation,Mammal clade profile: social exchange and fairness paradigms prioritized.,d4876702ee4d9fcf3560523a5ff7040e7d1d079dfb0fa6ab806a401714a4ec71,e5a5e46c9c18447c267b71107996aadfab30ecc76ee821cecf22669e4768e693,true,mammal_cooperation_meta_2021|mammal_fairness_review_2019,2026-03-19T16:39:53Z
species,sp_98d350c3e1,Nasonia vitripennis,Jewel wasp,Insecta,Pteromalidae,false,0.956,ai_estimated,hierarchical_bayes_taxonomy_v2,catalogue_of_life,assistant_curated_candidate_bank_v2|auto_clade_profile_v2|hierarchical_bayes_taxonomy_v2,auto_clade_profile_v2|https://en.wikipedia.org/wiki/Nasonia_vitripennis | https://animaldiversity.org/search/?q=Nasonia+vitripennis|hymenoptera_conflict_resolution_2018|insect_collective_action_meta_2020|insect_foraging_risk_2017,Insect clade profile: collective action and foraging-risk paradigms prioritized.,61cc673b49d8ff8b4f9de0823d3ce3216a431c93716187701fb422b670ab2c34,1a5bcb9f08668015b68bb0ceee2db5952a88a746abae91f69b75c7123172b5be,true,hymenoptera_conflict_resolution_2018|insect_collective_action_meta_2020|insect_foraging_risk_2017,2026-03-19T16:39:53Z
species,sp_a0be2622ad,Neolamprologus pulcher,Daffodil cichlid,Actinopterygii,Cichlidae,false,0.956,ai_estimated,hierarchical_bayes_taxonomy_v2,catalogue_of_life,assistant_curated_candidate_bank_v2|auto_clade_profile_v2|hierarchical_bayes_taxonomy_v2,auto_clade_profile_v2|fish_delay_discounting_review_2020|https://en.wikipedia.org/wiki/Neolamprologus_pulcher | https://www.fishbase.se/summary/neolamprologus-pulcher.html|teleost_risk_behavior_meta_2022,Fish clade profile: risk-choice and reciprocal exchange proxies prioritized.,ab761f4aae926d2cd4334ac5cf7ae1cc2c062c4e78af58d6b82d676d348ce9d4,4ca12f400bc77a0af026593bea3934b7025d6b1849c1d6afbaa14234dc23260d,true,fish_delay_discounting_review_2020|teleost_risk_behavior_meta_2022,2026-03-19T16:39:53Z
species,sp_8e6261b548,Nestor notabilis,Kea,Aves,Strigopidae,true,0.879,ai_estimated,hierarchical_bayes_taxonomy_v2,catalogue_of_life,auto_clade_profile_v2|hierarchical_bayes_taxonomy_v2|seed_species,auto_clade_profile_v2|avian_cooperation_synthesis_2018|avian_risk_choice_review_2021|seed_species_curation,Avian clade profile: cooperation and uncertainty-sensitive foraging paradigms prioritized.,6b4e0d2b44ca77fbb8f905c0fa713e4a58e4c609c0e31529580ce0e36b9ac87f,192f7bfdbef41314fe856e218338d42e6f96cbbe8b3d9753aed3365d8fbe013e,true,avian_cooperation_synthesis_2018|avian_risk_choice_review_2021,2026-03-19T16:39:53Z
species,sp_2799b961a2,Octopus vulgaris,Common octopus,Cephalopoda,Octopodidae,true,0.879,ai_estimated,hierarchical_bayes_taxonomy_v2,catalogue_of_life,auto_clade_profile_v2|hierarchical_bayes_taxonomy_v2|seed_species,auto_clade_profile_v2|seed_species_curation,General clade profile: sparse direct evidence; generic risk-choice template applied.,03b0f59692bdb89f9bf0ffa0517f1d76df040705bb5ca5a68060bea81d5030e3,31779ceb7b9d35e50ae5102c2914c26926dd52c384c0d5c45a8695fd532d8fa3,false,,2026-03-19T16:39:53Z
species,sp_b01b8c4b64,Odocoileus virginianus,White-tailed deer,Mammalia,Cervidae,false,0.879,ai_estimated,hierarchical_bayes_taxonomy_v2,catalogue_of_life,auto_clade_profile_v2|curated_candidate_bank_v1|hierarchical_bayes_taxonomy_v2,auto_clade_profile_v2|mammal_cooperation_meta_2021|mammal_fairness_review_2019|ungulate_behavior_dataset_2021,Mammal clade profile: social exchange and fairness paradigms prioritized.,b51acfd7861c3ef6af0061ec7ebc53b1d1159432fb26185d32e1422fc5ceeead,77a51f96f3197584feff7260e372b0b2a44753bac3aaa89d93d9aee5a54725c4,true,mammal_cooperation_meta_2021|mammal_fairness_review_2019,2026-03-19T16:39:53Z
species,sp_b8ad2ba824,Oncorhynchus mykiss,Rainbow trout,Actinopterygii,Salmonidae,false,0.956,ai_estimated,hierarchical_bayes_taxonomy_v2,catalogue_of_life,auto_clade_profile_v2|curated_candidate_bank_v1|hierarchical_bayes_taxonomy_v2,auto_clade_profile_v2|fish_delay_discounting_review_2020|salmonid_risk_behavior_2020|teleost_risk_behavior_meta_2022,Fish clade profile: risk-choice and reciprocal exchange proxies prioritized.,4d308280c9627ee1569b30b970288aced09d3e79257b6382a2fde20d4566d26a,52a3e446ef9b10907f7ef58fc39025c10d85e6a69f0329f5e3b5631b617ca479,true,fish_delay_discounting_review_2020|teleost_risk_behavior_meta_2022,2026-03-19T16:39:53Z
species,sp_f133960308,Orcinus orca,Killer whale,Mammalia,Delphinidae,false,0.956,ai_estimated,hierarchical_bayes_taxonomy_v2,catalogue_of_life,assistant_curated_candidate_bank_v2|auto_clade_profile_v2|hierarchical_bayes_taxonomy_v2,auto_clade_profile_v2|https://en.wikipedia.org/wiki/Orcinus_orca | https://animaldiversity.org/search/?q=Orcinus+orca|mammal_cooperation_meta_2021|mammal_fairness_review_2019,Mammal clade profile: social exchange and fairness paradigms prioritized.,b98769d91d886cd1c7cb34904f24d8ac682200b2ba1a484dd68a3ecb5b48a214,ab89deadca677faa37353e3a67fef15fc16f42254968cb9e2c2de21095a7cd7f,true,mammal_cooperation_meta_2021|mammal_fairness_review_2019,2026-03-19T16:39:53Z
species,sp_c09bc3c800,Oreochromis niloticus,Nile tilapia,Actinopterygii,Cichlidae,false,0.879,ai_estimated,hierarchical_bayes_taxonomy_v2,catalogue_of_life,auto_clade_profile_v2|curated_candidate_bank_v1|hierarchical_bayes_taxonomy_v2,auto_clade_profile_v2|cichlid_social_behavior_2022|fish_delay_discounting_review_2020|teleost_risk_behavior_meta_2022,Fish clade profile: risk-choice and reciprocal exchange proxies prioritized.,5edd79b620a18deee1e6516b8ac005472dfa483d8292330f4f92b896b59bde61,aa4cab6af919fa55b279aa06622842fc1f253b96aa9e723a25785042fede1cc1,true,fish_delay_discounting_review_2020|teleost_risk_behavior_meta_2022,2026-03-19T16:39:53Z
species,sp_c9a8d4e98e,Pan paniscus,Bonobo,Mammalia,Hominidae,true,0.956,ai_estimated,hierarchical_bayes_taxonomy_v2,catalogue_of_life,auto_clade_profile_v2|hierarchical_bayes_taxonomy_v2|seed_species,auto_clade_profile_v2|hominid_punishment_games_2020|mammal_cooperation_meta_2021|mammal_fairness_review_2019|primate_token_exchange_2022|seed_species_curation,Mammal clade profile: social exchange and fairness paradigms prioritized.,29acf2691e2fc8f1f2b162f03b536f7a120a4642dd12cf108c834d59b0dd29a9,28f6022326d3b363061a429e11f20f724412443213b5d9647d16555e4c0f2527,true,hominid_punishment_games_2020|mammal_cooperation_meta_2021|mammal_fairness_review_2019|primate_token_exchange_2022,2026-03-19T16:39:53Z
species,sp_87544d59e8,Pan troglodytes,Chimpanzee,Mammalia,Hominidae,true,0.956,ai_estimated,hierarchical_bayes_taxonomy_v2,catalogue_of_life,auto_clade_profile_v2|hierarchical_bayes_taxonomy_v2|seed_species,auto_clade_profile_v2|hominid_punishment_games_2020|mammal_cooperation_meta_2021|mammal_fairness_review_2019|primate_token_exchange_2022|seed_species_curation,Mammal clade profile: social exchange and fairness paradigms prioritized.,1f5b4d2199234bad7f54707f7fa84a6e3614604f2f70bb2385e9539bbd2b2ccd,8aa704c8216663e8aaf9309987595a89217214bcd03bf501ff051f12f704b59a,true,hominid_punishment_games_2020|mammal_cooperation_meta_2021|mammal_fairness_review_2019|primate_token_exchange_2022,2026-03-19T16:39:53Z
species,sp_5230b41432,Panthera leo,Lion,Mammalia,Felidae,false,0.956,ai_estimated,hierarchical_bayes_taxonomy_v2,catalogue_of_life,assistant_curated_candidate_bank_v2|auto_clade_profile_v2|hierarchical_bayes_taxonomy_v2,auto_clade_profile_v2|https://en.wikipedia.org/wiki/Panthera_leo | https://animaldiversity.org/search/?q=Panthera+leo|mammal_cooperation_meta_2021|mammal_fairness_review_2019,Mammal clade profile: social exchange and fairness paradigms prioritized.,e662544a1b74e683d6e5d6919bd1624f05d3915ba54b420bb809447831180758,b7e02ab2630ea8c0185eeda60b4cf572a8a4cbec6aa02a93cb9dc93b1ae33bb5,true,mammal_cooperation_meta_2021|mammal_fairness_review_2019,2026-03-19T16:39:53Z
species,sp_b00fa0b6a1,Panthera tigris,Tiger,Mammalia,Felidae,false,0.956,ai_estimated,hierarchical_bayes_taxonomy_v2,catalogue_of_life,assistant_curated_candidate_bank_v2|auto_clade_profile_v2|hierarchical_bayes_taxonomy_v2,auto_clade_profile_v2|https://en.wikipedia.org/wiki/Panthera_tigris | https://animaldiversity.org/search/?q=Panthera+tigris|mammal_cooperation_meta_2021|mammal_fairness_review_2019,Mammal clade profile: social exchange and fairness paradigms prioritized.,ac7f43c32e1aa5d379bd9ad7fefaeca0a3b311e3baef480f5f422361a01e0185,7975b51f18512f03ff34c7cb6572120714a1b1c37252314dc88bfae9f0a75e27,true,mammal_cooperation_meta_2021|mammal_fairness_review_2019,2026-03-19T16:39:53Z
species,sp_e6ef84d702,Papio anubis,Olive baboon,Mammalia,Cercopithecidae,false,0.956,ai_estimated,hierarchical_bayes_taxonomy_v2,catalogue_of_life,assistant_curated_candidate_bank_v2|auto_clade_profile_v2|hierarchical_bayes_taxonomy_v2,auto_clade_profile_v2|https://en.wikipedia.org/wiki/Papio_anubis | https://animaldiversity.org/search/?q=Papio+anubis|mammal_cooperation_meta_2021|mammal_fairness_review_2019|primate_token_exchange_2022,Mammal clade profile: social exchange and fairness paradigms prioritized.,7bc7188c1a64af833facb3e74b23f49b8e031d348477fddbeb974f23ead153f0,1c971f1dc2b3a6e6b884ceef75555f6603d0d4368f7d53ac1daee3a4d51ab148,true,mammal_cooperation_meta_2021|mammal_fairness_review_2019|primate_token_exchange_2022,2026-03-19T16:39:53Z
species,sp_92ab0566cb,Passer domesticus,House sparrow,Aves,Passeridae,false,0.956,ai_estimated,hierarchical_bayes_taxonomy_v2,catalogue_of_life,assistant_curated_candidate_bank_v2|auto_clade_profile_v2|hierarchical_bayes_taxonomy_v2,auto_clade_profile_v2|avian_cooperation_synthesis_2018|avian_risk_choice_review_2021|https://en.wikipedia.org/wiki/Passer_domesticus | https://animaldiversity.org/search/?q=Passer+domesticus,Avian clade profile: cooperation and uncertainty-sensitive foraging paradigms prioritized.,97df877034dd67f812f1642bdf5ab2a5828790e899daf3b6cc9aac7cef595d3c,fc881d2ab77d8099db89fc6053572fae5016d075f2b3223087f25513b4c33298,true,avian_cooperation_synthesis_2018|avian_risk_choice_review_2021,2026-03-19T16:39:53Z
species,sp_6eb7f002d4,Pavo cristatus,Indian peafowl,Aves,Phasianidae,false,0.879,ai_estimated,hierarchical_bayes_taxonomy_v2,catalogue_of_life,assistant_curated_candidate_bank_v2|auto_clade_profile_v2|hierarchical_bayes_taxonomy_v2,auto_clade_profile_v2|avian_cooperation_synthesis_2018|avian_risk_choice_review_2021|https://en.wikipedia.org/wiki/Pavo_cristatus | https://animaldiversity.org/search/?q=Pavo+cristatus,Avian clade profile: cooperation and uncertainty-sensitive foraging paradigms prioritized.,2bd1c97f8d379f5d4361787cc0710005448c7f1a3923dbe0306dda9053d0792f,41bea80cc7abfc6ae0f336bcd236b8518c2a604e0db2cf9917dde5dbfd3923d1,true,avian_cooperation_synthesis_2018|avian_risk_choice_review_2021,2026-03-19T16:39:53Z
species,sp_0bc59ef437,Phoca vitulina,Harbor seal,Mammalia,Phocidae,false,0.879,ai_estimated,hierarchical_bayes_taxonomy_v2,catalogue_of_life,auto_clade_profile_v2|curated_candidate_bank_v1|hierarchical_bayes_taxonomy_v2,auto_clade_profile_v2|mammal_cooperation_meta_2021|mammal_fairness_review_2019|pinniped_social_behavior_2018,Mammal clade profile: social exchange and fairness paradigms prioritized.,cde58b28a12faf0b183a706cd21f5eeddf235feeceaf17b5028bbac072aeb2b5,3bcc949ce743f5edb0ff55c57b07a4948b2b3bb4b47372bf040ebd1cc771f29a,true,mammal_cooperation_meta_2021|mammal_fairness_review_2019,2026-03-19T16:39:53Z
species,sp_8e3163842d,Phoenicopterus roseus,Greater flamingo,Aves,Phoenicopteridae,false,0.956,ai_estimated,hierarchical_bayes_taxonomy_v2,catalogue_of_life,assistant_curated_candidate_bank_v2|auto_clade_profile_v2|hierarchical_bayes_taxonomy_v2,auto_clade_profile_v2|avian_cooperation_synthesis_2018|avian_risk_choice_review_2021|https://en.wikipedia.org/wiki/Phoenicopterus_roseus | https://animaldiversity.org/search/?q=Phoenicopterus+roseus,Avian clade profile: cooperation and uncertainty-sensitive foraging paradigms prioritized.,34044230a46430b13d048d5a268775dfa88adc318bfc871ce7d7cb17310fac4c,5ae859ca895aa08daa539eb2dae8cd7872f2af13894e1d5bc9a35713615eef78,true,avian_cooperation_synthesis_2018|avian_risk_choice_review_2021,2026-03-19T16:39:53Z
species,sp_8aea1e6640,Pica pica,Eurasian magpie,Aves,Corvidae,false,0.956,ai_estimated,hierarchical_bayes_taxonomy_v2,catalogue_of_life,auto_clade_profile_v2|curated_candidate_bank_v1|hierarchical_bayes_taxonomy_v2,auto_clade_profile_v2|avian_cooperation_synthesis_2018|avian_risk_choice_review_2021|corvid_cognition_meta_2020|corvid_token_tasks_2019,Avian clade profile: cooperation and uncertainty-sensitive foraging paradigms prioritized.,57512c0262664b46881bf5cc3a2f89ce04975b799a31b7d317e2868508be7f9f,1349a34e93f5ccdb0476d54a673a5eb9c945d6b822b9be641a95a13f2d91b9f6,true,avian_cooperation_synthesis_2018|avian_risk_choice_review_2021|corvid_token_tasks_2019,2026-03-19T16:39:53Z
species,sp_7917d4e5ae,Poecilia reticulata,Guppy,Actinopterygii,Poeciliidae,true,0.956,ai_estimated,hierarchical_bayes_taxonomy_v2,catalogue_of_life,auto_clade_profile_v2|hierarchical_bayes_taxonomy_v2|seed_species,auto_clade_profile_v2|fish_delay_discounting_review_2020|seed_species_curation|teleost_risk_behavior_meta_2022,Fish clade profile: risk-choice and reciprocal exchange proxies prioritized.,351037c1868aa2414ff8bd1469c7b83b64733deccf965e35e717db33e236e83a,6018209048961bba76559b348abe86436cd6926f540f36707e5d51a1a867fba5,true,fish_delay_discounting_review_2020|teleost_risk_behavior_meta_2022,2026-03-19T16:39:53Z
species,sp_232be198b3,Procambarus clarkii,Red swamp crayfish,Malacostraca,Cambaridae,true,0.879,ai_estimated,hierarchical_bayes_taxonomy_v2,catalogue_of_life,auto_clade_profile_v2|hierarchical_bayes_taxonomy_v2|seed_species,auto_clade_profile_v2|seed_species_curation,General clade profile: sparse direct evidence; generic risk-choice template applied.,21db8b5b3667c467115085cac862451f0d33cf897e61bfd00312ced01827daf2,7ecbce78c85185dc21404e7116a30eedaea13a99095925de4aedc64d19c6f934,false,,2026-03-19T16:39:53Z
species,sp_36da6312d6,Psittacus erithacus,African grey parrot,Aves,Psittacidae,false,0.956,ai_estimated,hierarchical_bayes_taxonomy_v2,catalogue_of_life,auto_clade_profile_v2|curated_candidate_bank_v1|hierarchical_bayes_taxonomy_v2,auto_clade_profile_v2|avian_cooperation_synthesis_2018|avian_risk_choice_review_2021|psittacine_cognition_survey_2021,Avian clade profile: cooperation and uncertainty-sensitive foraging paradigms prioritized.,bc52db946e5f1bf89b9002db35c71f1c0a79dd3b96faf595c95018529efba085,ab9c0940889df32e9bb1f439da50403a3e4bb3030185117c0955175aec0ad75d,true,avian_cooperation_synthesis_2018|avian_risk_choice_review_2021,2026-03-19T16:39:53Z
species,sp_4fde7843b1,Pterois volitans,Red lionfish,Actinopterygii,Scorpaenidae,false,0.879,ai_estimated,hierarchical_bayes_taxonomy_v2,catalogue_of_life,assistant_curated_candidate_bank_v2|auto_clade_profile_v2|hierarchical_bayes_taxonomy_v2,auto_clade_profile_v2|fish_delay_discounting_review_2020|https://en.wikipedia.org/wiki/Pterois_volitans | https://www.fishbase.se/summary/pterois-volitans.html|teleost_risk_behavior_meta_2022,Fish clade profile: risk-choice and reciprocal exchange proxies prioritized.,696e5d89a42a2bc7e4537d99a9841edf56301fc9a5970eb14beb56917ce554c1,b89aff13344ca702a0d2002583b7275eeb4094baa2cea844498911177565f19c,true,fish_delay_discounting_review_2020|teleost_risk_behavior_meta_2022,2026-03-19T16:39:53Z
species,sp_7dc49d3619,Pteropus vampyrus,Large flying fox,Mammalia,Pteropodidae,false,0.879,ai_estimated,hierarchical_bayes_taxonomy_v2,catalogue_of_life,assistant_curated_candidate_bank_v2|auto_clade_profile_v2|hierarchical_bayes_taxonomy_v2,auto_clade_profile_v2|https://en.wikipedia.org/wiki/Pteropus_vampyrus | https://animaldiversity.org/search/?q=Pteropus+vampyrus|mammal_cooperation_meta_2021|mammal_fairness_review_2019,Mammal clade profile: social exchange and fairness paradigms prioritized.,ec8d8dc581c901b3ef2ec94af21c0fd677cf21199e5120aa45744f04417085c1,d2a0fc9d381bb6e3caad6340260f69b9ad07a28ccc0e30ad8195a760771b19f9,true,mammal_cooperation_meta_2021|mammal_fairness_review_2019,2026-03-19T16:39:53Z
species,sp_364c32b6a5,Rattus norvegicus,Norway rat,Mammalia,Muridae,true,0.956,ai_estimated,hierarchical_bayes_taxonomy_v2,catalogue_of_life,auto_clade_profile_v2|hierarchical_bayes_taxonomy_v2|seed_species,auto_clade_profile_v2|mammal_cooperation_meta_2021|mammal_fairness_review_2019|seed_species_curation,Mammal clade profile: social exchange and fairness paradigms prioritized.,3c126847339861f3ea8532c34eb22c7bf6683af963d06a2e69dd2154b3d3a864,ab24d8efd0944e94e60dd85d2ac9737421b6a1e5ed07f78d4c9de8be653bf31d,true,mammal_cooperation_meta_2021|mammal_fairness_review_2019,2026-03-19T16:39:53Z
species,sp_ef8684369a,Salmo salar,Atlantic salmon,Actinopterygii,Salmonidae,false,0.956,ai_estimated,hierarchical_bayes_taxonomy_v2,catalogue_of_life,auto_clade_profile_v2|curated_candidate_bank_v1|hierarchical_bayes_taxonomy_v2,auto_clade_profile_v2|fish_delay_discounting_review_2020|salmonid_risk_behavior_2020|teleost_risk_behavior_meta_2022,Fish clade profile: risk-choice and reciprocal exchange proxies prioritized.,1ccc7ddee70f7d520eff76c0c8e24105339b563e6518042ed74178f1a6e67238,d4b5bc3f57adc451023a4c372ed3b7138a03550c8208797fcbabd53ebd5d8ff9,true,fish_delay_discounting_review_2020|teleost_risk_behavior_meta_2022,2026-03-19T16:39:53Z
species,sp_306ee5e74e,Sapajus apella,Tufted capuchin,Mammalia,Cebidae,true,0.879,ai_estimated,hierarchical_bayes_taxonomy_v2,catalogue_of_life,auto_clade_profile_v2|hierarchical_bayes_taxonomy_v2|seed_species,auto_clade_profile_v2|mammal_cooperation_meta_2021|mammal_fairness_review_2019|primate_token_exchange_2022|seed_species_curation,Mammal clade profile: social exchange and fairness paradigms prioritized.,b666a4c61f21bd3d0eed02c99d4bcb8338939450d3abf8481005d52259babc71,67c9f90e8f9dd6394c4ac5527ae519e4ef74bbe1c14ce7b973429a5f2d680310,true,mammal_cooperation_meta_2021|mammal_fairness_review_2019|primate_token_exchange_2022,2026-03-19T16:39:53Z
species,sp_289bace1ec,Schistocerca gregaria,Desert locust,Insecta,Acrididae,false,0.956,ai_estimated,hierarchical_bayes_taxonomy_v2,catalogue_of_life,assistant_curated_candidate_bank_v2|auto_clade_profile_v2|hierarchical_bayes_taxonomy_v2,auto_clade_profile_v2|https://en.wikipedia.org/wiki/Schistocerca_gregaria | https://animaldiversity.org/search/?q=Schistocerca+gregaria|insect_collective_action_meta_2020|insect_foraging_risk_2017,Insect clade profile: collective action and foraging-risk paradigms prioritized.,294e943bceddaea394bdfb92474a02e973778243a344a2afc717262de81d42c0,d66b1d20902c6ce4f90bae8ecb9caa1b72158bde5988f355c1f19ca5c951b05c,true,insect_collective_action_meta_2020|insect_foraging_risk_2017,2026-03-19T16:39:53Z
species,sp_2ae9d4c1bd,Sepia officinalis,Common cuttlefish,Cephalopoda,Sepiidae,true,0.879,ai_estimated,hierarchical_bayes_taxonomy_v2,catalogue_of_life,auto_clade_profile_v2|hierarchical_bayes_taxonomy_v2|seed_species,auto_clade_profile_v2|seed_species_curation,General clade profile: sparse direct evidence; generic risk-choice template applied.,bd3000c4765e8727c5686e5378cce035acf383443ddb920d1b51ad687c207042,185d35f03342aa18c42664e89d1de5929ac74a925d9534177523878e03d6415e,false,,2026-03-19T16:39:53Z
species,sp_8c2fdfa812,Solenopsis invicta,Red imported fire ant,Insecta,Formicidae,false,0.956,ai_estimated,hierarchical_bayes_taxonomy_v2,catalogue_of_life,auto_clade_profile_v2|curated_candidate_bank_v1|hierarchical_bayes_taxonomy_v2,ant_colony_organization_2020|auto_clade_profile_v2|hymenoptera_conflict_resolution_2018|insect_collective_action_meta_2020|insect_foraging_risk_2017,Insect clade profile: collective action and foraging-risk paradigms prioritized.,2787c10933167d109bd415c2a795407817c9d0f71e51b7e4227e5ffa55a9fc99,82eec1ab27e5ccb1d3f4e908501d2a2329373e76bc56796b35d54415ba559402,true,hymenoptera_conflict_resolution_2018|insect_collective_action_meta_2020|insect_foraging_risk_2017,2026-03-19T16:39:53Z
species,sp_b85903dc74,Struthio camelus,Ostrich,Aves,Struthionidae,false,0.879,ai_estimated,hierarchical_bayes_taxonomy_v2,catalogue_of_life,auto_clade_profile_v2|curated_candidate_bank_v1|hierarchical_bayes_taxonomy_v2,auto_clade_profile_v2|avian_cooperation_synthesis_2018|avian_risk_choice_review_2021|ratite_behavior_review_2016,Avian clade profile: cooperation and uncertainty-sensitive foraging paradigms prioritized.,8d07d5ad999e5e365190e05583415518cf4d8e37af8b0f68e044638c5e7e412a,d740d37ada6681567f700bf9a37a50d3cac703ada480887cfeb75ae81e7061bd,true,avian_cooperation_synthesis_2018|avian_risk_choice_review_2021,2026-03-19T16:39:53Z
species,sp_7a15b7cda7,Sturnus vulgaris,Common starling,Aves,Sturnidae,false,0.879,ai_estimated,hierarchical_bayes_taxonomy_v2,catalogue_of_life,auto_clade_profile_v2|curated_candidate_bank_v1|hierarchical_bayes_taxonomy_v2,auto_clade_profile_v2|avian_cooperation_synthesis_2018|avian_risk_choice_review_2021|urban_bird_behavior_2018,Avian clade profile: cooperation and uncertainty-sensitive foraging paradigms prioritized.,1baebc9f2048a7090a7d6c630ce97527c6311090e7b1326eec4a469aa623bbbd,8df8cfcef1c0f7b107dad239447d6274bc563788ecf507e334905c3b64fb0a45,true,avian_cooperation_synthesis_2018|avian_risk_choice_review_2021,2026-03-19T16:39:53Z
species,sp_b635b9df41,Suricata suricatta,Meerkat,Mammalia,Herpestidae,false,0.956,ai_estimated,hierarchical_bayes_taxonomy_v2,catalogue_of_life,assistant_curated_candidate_bank_v2|auto_clade_profile_v2|hierarchical_bayes_taxonomy_v2,auto_clade_profile_v2|https://en.wikipedia.org/wiki/Suricata_suricatta | https://animaldiversity.org/search/?q=Suricata+suricatta|mammal_cooperation_meta_2021|mammal_fairness_review_2019,Mammal clade profile: social exchange and fairness paradigms prioritized.,d29411324d97afdd411718e5f4f6ffd77a2a9191547d95679618ce46962e6f03,82c8a91c171c5723b272645675ccd194f24a796dc734b6951b5c99ceb0a24b50,true,mammal_cooperation_meta_2021|mammal_fairness_review_2019,2026-03-19T16:39:53Z
species,sp_8fe9af580a,Sus scrofa,Wild boar,Mammalia,Suidae,false,0.879,ai_estimated,hierarchical_bayes_taxonomy_v2,catalogue_of_life,auto_clade_profile_v2|curated_candidate_bank_v1|hierarchical_bayes_taxonomy_v2,auto_clade_profile_v2|mammal_cooperation_meta_2021|mammal_fairness_review_2019|ungulate_behavior_dataset_2021,Mammal clade profile: social exchange and fairness paradigms prioritized.,479b2b3d787b081807e6749b34e6be1c88ed433c1993d3c5adc475b654c00eb9,d0a26ff118596da408c8bbf84932d33fec5733db0cd9cd2cf45c507d75421a7c,true,mammal_cooperation_meta_2021|mammal_fairness_review_2019,2026-03-19T16:39:53Z
species,sp_7390265b9e,Taeniopygia guttata,Zebra finch,Aves,Estrildidae,false,0.956,ai_estimated,hierarchical_bayes_taxonomy_v2,catalogue_of_life,assistant_curated_candidate_bank_v2|auto_clade_profile_v2|hierarchical_bayes_taxonomy_v2,auto_clade_profile_v2|avian_cooperation_synthesis_2018|avian_risk_choice_review_2021|https://en.wikipedia.org/wiki/Taeniopygia_guttata | https://animaldiversity.org/search/?q=Taeniopygia+guttata,Avian clade profile: cooperation and uncertainty-sensitive foraging paradigms prioritized.,f18b29c2054566d9afa37d17ba16bcda940fca7dec55e670de2ab5520a3df2e7,12e21f997a4fe107e69d21a62bf4f280caa20361af303752411139c6429d3ec1,true,avian_cooperation_synthesis_2018|avian_risk_choice_review_2021,2026-03-19T16:39:53Z
species,sp_d763f4763d,Takifugu rubripes,Tiger pufferfish,Actinopterygii,Tetraodontidae,false,0.956,ai_estimated,hierarchical_bayes_taxonomy_v2,catalogue_of_life,assistant_curated_candidate_bank_v2|auto_clade_profile_v2|hierarchical_bayes_taxonomy_v2,auto_clade_profile_v2|fish_delay_discounting_review_2020|https://en.wikipedia.org/wiki/Takifugu_rubripes | https://www.fishbase.se/summary/takifugu-rubripes.html|teleost_risk_behavior_meta_2022,Fish clade profile: risk-choice and reciprocal exchange proxies prioritized.,8951a08c50ae33e28d94a7809ae25d82f012fdc378a9f41b75a9f89d27273dc4,37200bb50732cd1bed8e996935dd0ee102e4b09ec70017a3bc2868fb2e204ca4,true,fish_delay_discounting_review_2020|teleost_risk_behavior_meta_2022,2026-03-19T16:39:53Z
species,sp_eb3cb4dd6d,Tenebrio molitor,Mealworm beetle,Insecta,Tenebrionidae,false,0.879,ai_estimated,hierarchical_bayes_taxonomy_v2,catalogue_of_life,auto_clade_profile_v2|curated_candidate_bank_v1|hierarchical_bayes_taxonomy_v2,auto_clade_profile_v2|coleoptera_behavioral_ecology_2016|insect_collective_action_meta_2020|insect_foraging_risk_2017,Insect clade profile: collective action and foraging-risk paradigms prioritized.,4ba72a6c629263aa617f6958a97a85b88991ceb3e9086bf1a719d2a3433a07d1,7a1ea11f4f8b5e8cd9fb542dc6db72a3cd000d4d6f810281f4a21a9093c46251,true,insect_collective_action_meta_2020|insect_foraging_risk_2017,2026-03-19T16:39:53Z
species,sp_f9ea6d6d4b,Tribolium castaneum,Red flour beetle,Insecta,Tenebrionidae,false,0.956,ai_estimated,hierarchical_bayes_taxonomy_v2,catalogue_of_life,assistant_curated_candidate_bank_v2|auto_clade_profile_v2|hierarchical_bayes_taxonomy_v2,auto_clade_profile_v2|https://en.wikipedia.org/wiki/Tribolium_castaneum | https://animaldiversity.org/search/?q=Tribolium+castaneum|insect_collective_action_meta_2020|insect_foraging_risk_2017,Insect clade profile: collective action and foraging-risk paradigms prioritized.,3d446bffe8283cf7467d2eb74ce6d38c76e9a1769ae6be18c9c5c17faea15b0a,c8ec1c1ef0bb84ab45709c12dec977bea4d5b124f8535f86c5a735a7f0fa3349,true,insect_collective_action_meta_2020|insect_foraging_risk_2017,2026-03-19T16:39:53Z
species,sp_cb98b11931,Turdus migratorius,American robin,Aves,Turdidae,false,0.879,ai_estimated,hierarchical_bayes_taxonomy_v2,catalogue_of_life,assistant_curated_candidate_bank_v2|auto_clade_profile_v2|hierarchical_bayes_taxonomy_v2,auto_clade_profile_v2|avian_cooperation_synthesis_2018|avian_risk_choice_review_2021|https://en.wikipedia.org/wiki/Turdus_migratorius | https://animaldiversity.org/search/?q=Turdus+migratorius,Avian clade profile: cooperation and uncertainty-sensitive foraging paradigms prioritized.,aee991092ed1ee4e26d1402b21b54cdc94911e4ba6f708518f7be327e4a4d224,88704102ba25f021092de0f0ec02ec17fb78b8f68326f93c9b61c0256c5ea0a9,true,avian_cooperation_synthesis_2018|avian_risk_choice_review_2021,2026-03-19T16:39:53Z
species,sp_4a464cf8a9,Tursiops truncatus,Common bottlenose dolphin,Mammalia,Delphinidae,false,0.956,ai_estimated,hierarchical_bayes_taxonomy_v2,catalogue_of_life,assistant_curated_candidate_bank_v2|auto_clade_profile_v2|hierarchical_bayes_taxonomy_v2,auto_clade_profile_v2|https://en.wikipedia.org/wiki/Tursiops_truncatus | https://animaldiversity.org/search/?q=Tursiops+truncatus|mammal_cooperation_meta_2021|mammal_fairness_review_2019,Mammal clade profile: social exchange and fairness paradigms prioritized.,1f1a9e1af5fded2c6f6a8f7fbae2e6ca6b48925b813de7d18309491e6e38fd15,147913e571efa35de981add734608b9cc51152961f483c5419fa1640a4118111,true,mammal_cooperation_meta_2021|mammal_fairness_review_2019,2026-03-19T16:39:53Z
species,sp_768ddfc6c0,Ursus arctos,Brown bear,Mammalia,Ursidae,false,0.956,ai_estimated,hierarchical_bayes_taxonomy_v2,catalogue_of_life,assistant_curated_candidate_bank_v2|auto_clade_profile_v2|hierarchical_bayes_taxonomy_v2,auto_clade_profile_v2|https://en.wikipedia.org/wiki/Ursus_arctos | https://animaldiversity.org/search/?q=Ursus+arctos|mammal_cooperation_meta_2021|mammal_fairness_review_2019,Mammal clade profile: social exchange and fairness paradigms prioritized.,86066da2d5a5271cd0bfaaddb2625c358fbf8d3eb0143c042fbb61a57a39e5dd,fae5c2ae23e34ba56e31ebdd0d98c7a2d0b983585b84c9643d978c49539557a3,true,mammal_cooperation_meta_2021|mammal_fairness_review_2019,2026-03-19T16:39:53Z
species,sp_54bbb0c9e3,Vespa mandarinia,Asian giant hornet,Insecta,Vespidae,false,0.879,ai_estimated,hierarchical_bayes_taxonomy_v2,catalogue_of_life,assistant_curated_candidate_bank_v2|auto_clade_profile_v2|hierarchical_bayes_taxonomy_v2,auto_clade_profile_v2|https://en.wikipedia.org/wiki/Vespa_mandarinia | https://animaldiversity.org/search/?q=Vespa+mandarinia|hymenoptera_conflict_resolution_2018|insect_collective_action_meta_2020|insect_foraging_risk_2017,Insect clade profile: collective action and foraging-risk paradigms prioritized.,e6aa259fc0a298b65aa2776648dc28ac75ae084541adb132cfcb4dcf934d1222,8e211363e932e0a6e8de6ee4cce62527e4e2fa07fb708b72a518386da2f8d7b8,true,hymenoptera_conflict_resolution_2018|insect_collective_action_meta_2020|insect_foraging_risk_2017,2026-03-19T16:39:53Z
species,sp_aa4903f7f7,Vulpes vulpes,Red fox,Mammalia,Canidae,false,0.879,ai_estimated,hierarchical_bayes_taxonomy_v2,catalogue_of_life,auto_clade_profile_v2|curated_candidate_bank_v1|hierarchical_bayes_taxonomy_v2,auto_clade_profile_v2|carnivore_traits_compendium_2020|mammal_cooperation_meta_2021|mammal_fairness_review_2019,Mammal clade profile: social exchange and fairness paradigms prioritized.,8fc53f0b41744bfc7ff7008509300a124051f0674bcd054b6422d02ad629e335,02b186fcbd0c5cb6672d98db089c811fd2b1630592bdf7c1204b5d3d240f481f,true,mammal_cooperation_meta_2021|mammal_fairness_review_2019,2026-03-19T16:39:53Z
species,sp_295cd224db,Xiphophorus maculatus,Southern platyfish,Actinopterygii,Poeciliidae,false,0.956,ai_estimated,hierarchical_bayes_taxonomy_v2,catalogue_of_life,auto_clade_profile_v2|curated_candidate_bank_v1|hierarchical_bayes_taxonomy_v2,auto_clade_profile_v2|fish_delay_discounting_review_2020|poeciliid_behavior_database_2021|teleost_risk_behavior_meta_2022,Fish clade profile: risk-choice and reciprocal exchange proxies prioritized.,e5232283478fe991445eebb96987326cf0e29f255407d06066e470b4a03262cd,065d76efdd8a0c78732077f3b342520ca432bfc87350a56d08452d8ba1c3f075,true,fish_delay_discounting_review_2020|teleost_risk_behavior_meta_2022,2026-03-19T16:39:53Z
